{
  "TP": 1411,
  "FP": 187,
  "FN": 7257,
  "precision": 0.8829787234037028,
  "recall": 0.16278264882323917,
  "f1": 0.27488797947603133
}